{
  "functions": {
    "source": "functions",
    "ignore": [
      "node_modules",
      ".git",
      "firebase-debug.log",
      "firebase-debug.*.log",
      "*.local"
    ]
  },
  "hosting": {
    "public": ".",
    "ignore": [
      "firebase.json",
      "**/.*",
      "**/node_modules/**",
      "functions/**"
    ],
    "rewrites": [
      {
        "source": "/api/notify-parent",
        "function": "notifyParent",
        "region": "asia-southeast1"
      },
      {
        "source": "/api/kyc-review",
        "function": "kycReview",
        "region": "asia-southeast1"
      }

    ]
    
  },
  "emulators": {
    "functions": { "port": 5001 },
    "hosting":  { "port": 5000 },
    "ui":       { "enabled": true, "port": 4000 },
    "singleProjectMode": true
  }
}
